date,production_kg,energy_kwh,quality_pct
2026-09-01,1356.8700000000001,930.945,94.70968749999999
2026-09-02,1357.89,931.774,94.76927083333334
2026-09-03,1356.85,927.116,94.7296875
2026-09-04,1376.1,928.672,94.7415625
2026-09-05,1349.49,926.941,94.74447916666666
2026-09-06,1248.1,912.021,94.7053125
2026-09-07,1354.82,927.955,94.82447916666666
2026-09-08,1353.71,927.147,94.754375
2026-09-09,1364.15,929.443,94.73510416666666
2026-09-10,1351.53,921.258,94.7534375
2026-09-11,1363.45,932.259,94.81010416666668
2026-09-12,1366.32,926.191,94.72697916666668
2026-09-13,1249.65,911.511,94.72437500000001
2026-09-14,1349.65,927.619,94.69510416666667
2026-09-15,1371.93,924.417,94.78802083333333
2026-09-16,1350.21,923.754,94.6978125
2026-09-17,1346.98,923.515,94.69791666666667
2026-09-18,1342.86,924.807,94.700625
2026-09-19,1345.05,940.033,94.72781250000001
2026-09-20,1243.36,935.932,94.76583333333333
2026-09-21,1349.8,952.255,94.7340625
2026-09-22,1350.49,942.193,94.65177083333333
2026-09-23,1358.21,924.591,94.69489583333332
2026-09-24,1356.23,942.496,94.73364583333334
2026-09-25,1371.46,952.25,94.729375
2026-09-26,1359.09,952.222,94.67770833333333
2026-09-27,1276.06,1037.571,94.7503125
2026-09-28,1360.9,1045.078,94.71479166666667
2026-09-29,1363.37,1048.157,94.7240625
2026-09-30,1362.98,943.445,94.67031250000001
